"C_ID";"G_ID";"JAHR";"B"
"AG";"0008";2010;95038.3615
"AI";"0008";2010;2829.5125
"AR";"0008";2010;3359.7869
"BE";"0008";2010;25064.0278
"BL";"0008";2010;28064.5012
"BS";"0008";2010;6054.1897
"FR";"0008";2010;79683.3208
"GE";"0008";2010;37492.4612
"GL";"0008";2010;1713.2167
"GR";"0008";2010;7422.4687
"JU";"0008";2010;9916.1749
"LU";"0008";2010;98922.2674
"NE";"0008";2010;17933.5083
"NW";"0008";2010;9080.395
"OW";"0008";2010;10377.2826
"SG";"0008";2010;81595.7255999999
"SH";"0008";2010;2719.5769
"SO";"0008";2010;33913.5132
"SZ";"0008";2010;43561.1626
"TG";"0008";2010;21172.2506
"TI";"0008";2010;20804.3285
"UR";"0008";2010;5092.7495
"VD";"0008";2010;45146.8649
"VS";"0008";2010;45272.4784
"ZG";"0008";2010;23143.4533
"ZH";"0008";2010;102631.0424
"AG";"0032";2010;18221
"AI";"0032";2010;10
"AR";"0032";2010;35
"BE";"0032";2010;491
"BL";"0032";2010;354
"BS";"0032";2010;134
"FR";"0032";2010;161
"GE";"0032";2010;276
"GL";"0032";2010;236
"GR";"0032";2010;2932
"JU";"0032";2010;9
"LU";"0032";2010;225
"NE";"0032";2010;34
"NW";"0032";2010;399
"OW";"0032";2010;503
"SG";"0032";2010;339
"SH";"0032";2010;131
"SO";"0032";2010;313
"SZ";"0032";2010;1405
"TG";"0032";2010;690
"TI";"0032";2010;402
"UR";"0032";2010;14
"VD";"0032";2010;554
"VS";"0032";2010;99
"ZG";"0032";2010;223
"ZH";"0032";2010;8526
"AG";"0057";2010;2403.17
"AR";"0057";2010;3
"BE";"0057";2010;805.330000000001
"BL";"0057";2010;1469.88
"BS";"0057";2010;596.4
"FR";"0057";2010;142.26
"GE";"0057";2010;1523.16
"GL";"0057";2010;10
"GR";"0057";2010;32.16
"JU";"0057";2010;9.75140432710021
"LU";"0057";2010;387.84
"NE";"0057";2010;44.9099999999999
"NW";"0057";2010;35.16
"OW";"0057";2010;17.17
"SG";"0057";2010;89.81
"SH";"0057";2010;8
"SO";"0057";2010;2700.1685956729
"SZ";"0057";2010;18.66
"TG";"0057";2010;65.17
"TI";"0057";2010;228.58
"UR";"0057";2010;4
"VD";"0057";2010;2194.82
"VS";"0057";2010;1248
"ZG";"0057";2010;13.92
"ZH";"0057";2010;391.839999999999
"AG";"0062";2010;1203
"AI";"0062";2010;7.16666666666667
"AR";"0062";2010;46.75
"BE";"0062";2010;1862.33333333333
"BL";"0062";2010;533.25
"BS";"0062";2010;250.916666666666
"FR";"0062";2010;932.249999999999
"GE";"0062";2010;3501
"GL";"0062";2010;49.6666666666667
"GR";"0062";2010;228.666666666667
"JU";"0062";2010;152.333333333333
"LU";"0062";2010;161.416666666667
"NE";"0062";2010;2372
"NW";"0062";2010;38.4166666666667
"OW";"0062";2010;36.9166666666667
"SG";"0062";2010;374.75
"SH";"0062";2010;86.6666666666667
"SO";"0062";2010;260.333333333334
"SZ";"0062";2010;130.25
"TG";"0062";2010;182.5
"TI";"0062";2010;10149.25
"UR";"0062";2010;24.3333333333333
"VD";"0062";2010;20112.6666666666
"VS";"0062";2010;2056.25
"ZG";"0062";2010;70.0833333333333
"ZH";"0062";2010;1758.83333333333
"GL";"0134";2010;8
"LU";"0134";2010;30
"NW";"0134";2010;4
"SG";"0134";2010;43
"SZ";"0134";2010;3355
"UR";"0134";2010;3
"ZG";"0134";2010;52
"ZH";"0134";2010;186
"AG";"0182";2010;2386.16666666667
"AI";"0182";2010;31.0833333333333
"AR";"0182";2010;224.5
"BE";"0182";2010;2293.33333333333
"BL";"0182";2010;403.25
"BS";"0182";2010;150.416666666666
"FR";"0182";2010;344.333333333333
"GE";"0182";2010;768.25
"GL";"0182";2010;58.6666666666667
"GR";"0182";2010;224.25
"JU";"0182";2010;18.5
"LU";"0182";2010;342.75
"NE";"0182";2010;180.916666666666
"NW";"0182";2010;55.3333333333334
"OW";"0182";2010;88.9166666666666
"SG";"0182";2010;7168.66666666667
"SH";"0182";2010;1223.16666666667
"SO";"0182";2010;4603.58333333334
"SZ";"0182";2010;323.166666666667
"TG";"0182";2010;3760.83333333333
"TI";"0182";2010;90.0833333333333
"UR";"0182";2010;71.1666666666667
"VD";"0182";2010;470.833333333333
"VS";"0182";2010;94.5
"ZG";"0182";2010;208.833333333333
"ZH";"0182";2010;34545.3333333333
"AG";"0194";2010;558.17
"AI";"0194";2010;5
"AR";"0194";2010;24.92
"BE";"0194";2010;17785
"BL";"0194";2010;289
"BS";"0194";2010;80.17
"FR";"0194";2010;230
"GL";"0194";2010;14
"GR";"0194";2010;89
"LU";"0194";2010;185
"NW";"0194";2010;11
"OW";"0194";2010;17
"SG";"0194";2010;71
"SH";"0194";2010;61
"SO";"0194";2010;680.83
"SZ";"0194";2010;81.27
"TG";"0194";2010;145.26
"UR";"0194";2010;15.5
"VS";"0194";2010;67
"ZG";"0194";2010;66
"ZH";"0194";2010;692
"AG";"0246";2010;707
"BE";"0246";2010;5240
"SO";"0246";2010;519
"ZH";"0246";2010;1247
"AG";"0290";2010;89636.0833333332
"AI";"0290";2010;1435.66666666666
"AR";"0290";2010;1554.33333333333
"BE";"0290";2010;25716.0833333333
"BL";"0290";2010;17030.1666666666
"BS";"0290";2010;6455.24999999999
"FR";"0290";2010;16181.0833333333
"GE";"0290";2010;9257.33333333332
"GL";"0290";2010;3269.49999999999
"GR";"0290";2010;6725.33333333332
"JU";"0290";2010;4717.08333333332
"LU";"0290";2010;92320.4166666665
"NE";"0290";2010;6385.41666666665
"NW";"0290";2010;11675
"OW";"0290";2010;9690.16666666666
"SG";"0290";2010;34849.5833333333
"SH";"0290";2010;4305
"SO";"0290";2010;11678.4166666667
"SZ";"0290";2010;23067.75
"TG";"0290";2010;14363.5833333333
"TI";"0290";2010;15235.8333333333
"UR";"0290";2010;8824.91666666667
"VD";"0290";2010;16693.1666666667
"VS";"0290";2010;9779.33333333333
"ZG";"0290";2010;19701.9166666667
"ZH";"0290";2010;68317.1666666666
"AG";"0294";2010;150
"AI";"0294";2010;1
"AR";"0294";2010;9
"BE";"0294";2010;104
"BL";"0294";2010;243
"BS";"0294";2010;9
"FR";"0294";2010;38
"GL";"0294";2010;2
"GR";"0294";2010;20
"JU";"0294";2010;5
"LU";"0294";2010;3841
"NE";"0294";2010;36
"NW";"0294";2010;66
"OW";"0294";2010;385
"SG";"0294";2010;11
"SH";"0294";2010;1
"SO";"0294";2010;10
"SZ";"0294";2010;27
"TG";"0294";2010;97
"TI";"0294";2010;4
"UR";"0294";2010;27
"VD";"0294";2010;5
"VS";"0294";2010;107
"ZG";"0294";2010;32
"ZH";"0294";2010;105
"AG";"0312";2010;14792.1666666666
"AI";"0312";2010;70.1666666666667
"AR";"0312";2010;634.833333333333
"BE";"0312";2010;16788.5
"BL";"0312";2010;6544.75
"BS";"0312";2010;2036.16666666666
"FR";"0312";2010;4296.08333333333
"GE";"0312";2010;1362.91666666667
"GL";"0312";2010;614.833333333334
"GR";"0312";2010;1475.5
"JU";"0312";2010;696.166666666666
"LU";"0312";2010;6911.83333333334
"NE";"0312";2010;1274.33333333333
"NW";"0312";2010;373.083333333334
"OW";"0312";2010;409.25
"SG";"0312";2010;9719.66666666666
"SH";"0312";2010;1519.08333333333
"SO";"0312";2010;6953.41666666667
"SZ";"0312";2010;2265.75
"TG";"0312";2010;5127.66666666666
"TI";"0312";2010;10085.1666666667
"UR";"0312";2010;1355.75
"VD";"0312";2010;6952.33333333334
"VS";"0312";2010;4364.16666666667
"ZG";"0312";2010;1221.58333333333
"ZH";"0312";2010;41275.6666666666
"AG";"0343";2010;22551.77
"AI";"0343";2010;27.84
"AR";"0343";2010;158.81
"BE";"0343";2010;18455.75
"BL";"0343";2010;7787.83
"BS";"0343";2010;8366.97
"FR";"0343";2010;9399.11
"GE";"0343";2010;17244.13
"GL";"0343";2010;2783.71
"GR";"0343";2010;3017.87
"JU";"0343";2010;331.34
"LU";"0343";2010;6505.44
"NE";"0343";2010;539.4
"NW";"0343";2010;171.17
"OW";"0343";2010;173.1
"SG";"0343";2010;9030.1
"SH";"0343";2010;691.96
"SO";"0343";2010;1070.13
"SZ";"0343";2010;201.31
"TG";"0343";2010;393.75
"TI";"0343";2010;1627.66
"UR";"0343";2010;345.81
"VD";"0343";2010;44463.64
"VS";"0343";2010;2660.34
"ZG";"0343";2010;3035.77
"ZH";"0343";2010;3021.56
"AG";"0360";2010;1382.19
"BE";"0360";2010;1558.71
"LU";"0360";2010;12128.12
"NW";"0360";2010;78.58
"OW";"0360";2010;42.32
"SO";"0360";2010;636.18
"SZ";"0360";2010;62.74
"UR";"0360";2010;15.67
"ZG";"0360";2010;154.25
"ZH";"0360";2010;821.84
"AG";"0376";2010;9582
"AI";"0376";2010;287
"AR";"0376";2010;1739
"BE";"0376";2010;89274
"BL";"0376";2010;9421
"BS";"0376";2010;2919
"FR";"0376";2010;12918
"GE";"0376";2010;12685
"GL";"0376";2010;884
"GR";"0376";2010;7900
"JU";"0376";2010;918
"LU";"0376";2010;9459
"NE";"0376";2010;1104
"NW";"0376";2010;2493
"OW";"0376";2010;298
"SG";"0376";2010;21504
"SH";"0376";2010;1183
"SO";"0376";2010;6934
"SZ";"0376";2010;3041
"TG";"0376";2010;4215
"TI";"0376";2010;29011
"UR";"0376";2010;1502
"VD";"0376";2010;27845
"VS";"0376";2010;9578
"ZG";"0376";2010;1971
"ZH";"0376";2010;36517
"AG";"0455";2010;902.88
"AI";"0455";2010;90
"AR";"0455";2010;475
"BE";"0455";2010;2513.18
"BL";"0455";2010;318.58
"BS";"0455";2010;425.82
"FR";"0455";2010;219.24
"GE";"0455";2010;79.67
"GL";"0455";2010;2235.4
"GR";"0455";2010;80032.73
"JU";"0455";2010;18.44
"LU";"0455";2010;979.97
"NE";"0455";2010;53.98
"NW";"0455";2010;121.65
"OW";"0455";2010;300.49
"SG";"0455";2010;8875.73
"SH";"0455";2010;3853.57
"SO";"0455";2010;198.25
"SZ";"0455";2010;2215.81
"TG";"0455";2010;6986
"TI";"0455";2010;9169.86
"UR";"0455";2010;159.58
"VD";"0455";2010;1424.28
"VS";"0455";2010;1373.58
"ZG";"0455";2010;621.41
"ZH";"0455";2010;25578.06
"AG";"0509";2010;11574.9
"AI";"0509";2010;212.91
"AR";"0509";2010;677.36
"BE";"0509";2010;9951.92
"BL";"0509";2010;23819.31
"BS";"0509";2010;59636.8100000001
"FR";"0509";2010;3546.88
"GE";"0509";2010;813.669999999999
"GL";"0509";2010;391.62
"GR";"0509";2010;762.78
"JU";"0509";2010;303.09
"LU";"0509";2010;10535.33
"NE";"0509";2010;325.21
"NW";"0509";2010;1194.78
"OW";"0509";2010;1041.88
"SG";"0509";2010;6019.05
"SH";"0509";2010;2876.4
"SO";"0509";2010;5608.73
"SZ";"0509";2010;3108.72
"TG";"0509";2010;6288.58
"TI";"0509";2010;427.27
"UR";"0509";2010;1202.49
"VD";"0509";2010;1031.94
"VS";"0509";2010;622.12
"ZG";"0509";2010;5334.72000000001
"ZH";"0509";2010;18507.15
"ZH";"0558";2010;1779.92
"AG";"0762";2010;1245
"AI";"0762";2010;206
"AR";"0762";2010;268
"BE";"0762";2010;3537
"BL";"0762";2010;281
"BS";"0762";2010;402
"FR";"0762";2010;712
"GE";"0762";2010;912
"GL";"0762";2010;507
"GR";"0762";2010;437
"JU";"0762";2010;208
"LU";"0762";2010;1568
"NE";"0762";2010;148
"NW";"0762";2010;896
"OW";"0762";2010;459
"SG";"0762";2010;1709
"SH";"0762";2010;216
"SO";"0762";2010;927
"SZ";"0762";2010;1373
"TG";"0762";2010;705
"TI";"0762";2010;671
"UR";"0762";2010;342
"VD";"0762";2010;1047
"VS";"0762";2010;570
"ZG";"0762";2010;458
"ZH";"0762";2010;4344
"AG";"0774";2010;2384.54
"AI";"0774";2010;19.84
"AR";"0774";2010;98.32
"BE";"0774";2010;11085.9
"BL";"0774";2010;17458.72
"BS";"0774";2010;7070.21
"FR";"0774";2010;10284.19
"GE";"0774";2010;7434.28
"GL";"0774";2010;106.7
"GR";"0774";2010;2212.25
"JU";"0774";2010;5679.72
"LU";"0774";2010;412.33
"NE";"0774";2010;6501.39
"NW";"0774";2010;51.5
"OW";"0774";2010;45.11
"SG";"0774";2010;1033.65
"SH";"0774";2010;618.1
"SO";"0774";2010;832.14
"SZ";"0774";2010;2395.46
"TG";"0774";2010;14679.79
"TI";"0774";2010;11482.38
"UR";"0774";2010;95.84
"VD";"0774";2010;15330.15
"VS";"0774";2010;19646.86
"ZG";"0774";2010;228.1
"ZH";"0774";2010;38046.19
"GL";"0780";2010;5525
"GR";"0780";2010;54
"SG";"0780";2010;137
"SZ";"0780";2010;103
"UR";"0780";2010;7
"GR";"0820";2010;2539.6516
"AG";"0829";2010;922.67
"AR";"0829";2010;2
"BE";"0829";2010;203.65
"BL";"0829";2010;35.25
"BS";"0829";2010;32.84
"FR";"0829";2010;13.15
"GE";"0829";2010;16
"GL";"0829";2010;13
"GR";"0829";2010;16.59
"LU";"0829";2010;2626.15
"NE";"0829";2010;4.67
"NW";"0829";2010;51.83
"OW";"0829";2010;37.91
"SG";"0829";2010;88.43
"SH";"0829";2010;11.67
"SO";"0829";2010;16.58
"SZ";"0829";2010;1388.67
"TG";"0829";2010;38.83
"TI";"0829";2010;91.75
"UR";"0829";2010;26.67
"VD";"0829";2010;24.5
"VS";"0829";2010;22.01
"ZG";"0829";2010;3612.13119
"ZH";"0829";2010;5058.92
"AG";"0881";2010;23936
"AI";"0881";2010;160
"AR";"0881";2010;2752
"BE";"0881";2010;14410
"BL";"0881";2010;5839
"BS";"0881";2010;1253
"FR";"0881";2010;1456
"GE";"0881";2010;2209
"GL";"0881";2010;202
"GR";"0881";2010;4406
"JU";"0881";2010;2279
"LU";"0881";2010;8362
"NE";"0881";2010;438
"NW";"0881";2010;809
"OW";"0881";2010;371
"SG";"0881";2010;9233
"SH";"0881";2010;2515
"SO";"0881";2010;6464
"SZ";"0881";2010;1865
"TG";"0881";2010;5608
"TI";"0881";2010;6417
"UR";"0881";2010;149
"VD";"0881";2010;7855
"VS";"0881";2010;2058
"ZG";"0881";2010;4070
"ZH";"0881";2010;26287
"GR";"0901";2010;2330
"AG";"0923";2010;753
"AI";"0923";2010;8
"AR";"0923";2010;171
"BE";"0923";2010;5759
"BL";"0923";2010;1136
"BS";"0923";2010;284
"FR";"0923";2010;569
"GL";"0923";2010;75
"GR";"0923";2010;342
"LU";"0923";2010;101
"NW";"0923";2010;36
"OW";"0923";2010;30
"SG";"0923";2010;2746
"SH";"0923";2010;167
"SO";"0923";2010;539
"SZ";"0923";2010;94
"TG";"0923";2010;1182
"UR";"0923";2010;25
"VS";"0923";2010;4
"ZG";"0923";2010;102
"ZH";"0923";2010;5262
"BE";"0941";2010;336
"VS";"0941";2010;36846
"AG";"0966";2010;27
"AI";"0966";2010;2
"AR";"0966";2010;11
"BE";"0966";2010;15
"BL";"0966";2010;7
"BS";"0966";2010;6
"FR";"0966";2010;2
"GL";"0966";2010;7
"GR";"0966";2010;6549
"JU";"0966";2010;1
"LU";"0966";2010;26
"SG";"0966";2010;92
"SH";"0966";2010;3
"SO";"0966";2010;8
"SZ";"0966";2010;10
"TG";"0966";2010;19
"TI";"0966";2010;6
"UR";"0966";2010;1
"VD";"0966";2010;2
"VS";"0966";2010;1
"ZG";"0966";2010;10
"ZH";"0966";2010;76
"AG";"0994";2010;44480.6666666667
"AI";"0994";2010;279.916666666667
"AR";"0994";2010;460.666666666667
"BE";"0994";2010;60511.1666666667
"BL";"0994";2010;3325.33333333333
"BS";"0994";2010;1543.25
"FR";"0994";2010;2560.91666666667
"GE";"0994";2010;3979
"GL";"0994";2010;3235.08333333334
"GR";"0994";2010;6144.58333333334
"JU";"0994";2010;245.416666666667
"LU";"0994";2010;9136.33333333333
"NE";"0994";2010;3327.75
"NW";"0994";2010;1721.91666666667
"OW";"0994";2010;2445.25
"SG";"0994";2010;9264.91666666667
"SH";"0994";2010;4476.91666666667
"SO";"0994";2010;1500.41666666667
"SZ";"0994";2010;1058.25
"TG";"0994";2010;11602.8333333333
"TI";"0994";2010;3613.58333333333
"UR";"0994";2010;7371.08333333333
"VD";"0994";2010;15540.9166666667
"VS";"0994";2010;6194.75
"ZG";"0994";2010;2420.41666666667
"ZH";"0994";2010;34735
"VS";"1003";2010;170
"VS";"1040";2010;3898
"AG";"1060";2010;23068.73
"AI";"1060";2010;1066.74
"AR";"1060";2010;1928.2
"BE";"1060";2010;13361.25
"BL";"1060";2010;16696.24
"BS";"1060";2010;1362.32
"FR";"1060";2010;822.58
"GE";"1060";2010;713.83
"GL";"1060";2010;347
"GR";"1060";2010;2550.36
"JU";"1060";2010;259
"LU";"1060";2010;3175.59
"NE";"1060";2010;9334.58
"NW";"1060";2010;2155.83
"OW";"1060";2010;288.41
"SG";"1060";2010;8549.39
"SH";"1060";2010;6315.36
"SO";"1060";2010;4346.5
"SZ";"1060";2010;1004.59
"TG";"1060";2010;8782.09
"TI";"1060";2010;12855.48
"UR";"1060";2010;180.08
"VD";"1060";2010;2620
"VS";"1060";2010;1782.84
"ZG";"1060";2010;1734.1
"ZH";"1060";2010;103910.73
"VS";"1113";2010;7270.58
"AG";"1142";2010;15
"AR";"1142";2010;9
"BE";"1142";2010;16
"BL";"1142";2010;2
"BS";"1142";2010;11
"FR";"1142";2010;86
"GR";"1142";2010;5
"JU";"1142";2010;6
"LU";"1142";2010;60
"SG";"1142";2010;46
"SO";"1142";2010;57
"SZ";"1142";2010;430
"TG";"1142";2010;1
"TI";"1142";2010;51
"UR";"1142";2010;1
"VS";"1142";2010;33
"ZG";"1142";2010;8
"ZH";"1142";2010;18
"ZH";"1147";2010;379
"AG";"1318";2010;77.99
"SZ";"1318";2010;147.98
"ZG";"1318";2010;8.92
"ZH";"1318";2010;4619.38
"AG";"1322";2010;8309
"AG";"1328";2010;96.1
"AI";"1328";2010;1
"AR";"1328";2010;9.75
"BE";"1328";2010;65.83
"BL";"1328";2010;40.75
"BS";"1328";2010;15
"GL";"1328";2010;3.75
"GR";"1328";2010;27.83
"LU";"1328";2010;21.37
"NW";"1328";2010;11.59
"OW";"1328";2010;5
"SG";"1328";2010;95.54
"SH";"1328";2010;43.75
"SO";"1328";2010;22.35
"SZ";"1328";2010;22.56
"TG";"1328";2010;435.38
"UR";"1328";2010;6
"ZG";"1328";2010;19.66
"ZH";"1328";2010;5936.54
"GL";"1331";2010;4
"GR";"1331";2010;9
"SG";"1331";2010;1452
"VS";"1362";2010;841
"AG";"1384";2010;27855.4243509482
"AI";"1384";2010;4726.05488931459
"AR";"1384";2010;16885.8990774334
"BE";"1384";2010;32734.5661694617
"BL";"1384";2010;28076.2576618696
"BS";"1384";2010;16186.4251510499
"FR";"1384";2010;6791.29863979023
"GE";"1384";2010;13204.8611140184
"GL";"1384";2010;3014.59462637067
"GR";"1384";2010;13121.461575518
"JU";"1384";2010;490.062972689782
"LU";"1384";2010;9177.13664440969
"NE";"1384";2010;2361.8450773041
"NW";"1384";2010;823.252559438509
"OW";"1384";2010;658.277369033134
"SG";"1384";2010;122106.223064671
"SH";"1384";2010;9635.53322139517
"SO";"1384";2010;15237.4656591292
"SZ";"1384";2010;9965.98792234354
"TG";"1384";2010;54421.832195351
"TI";"1384";2010;19451.1262286042
"UR";"1384";2010;398.748565927876
"VD";"1384";2010;11615.3870910347
"VS";"1384";2010;2614.33188270614
"ZG";"1384";2010;7356.52461672922
"ZH";"1384";2010;173158.307844198
"AG";"1386";2010;1455.16666666667
"AI";"1386";2010;12
"AR";"1386";2010;93.5833333333334
"BE";"1386";2010;1838.08333333333
"BL";"1386";2010;406.333333333334
"BS";"1386";2010;144.666666666667
"FR";"1386";2010;418
"GE";"1386";2010;104.583333333333
"GL";"1386";2010;37.1666666666667
"GR";"1386";2010;173.083333333333
"JU";"1386";2010;67
"LU";"1386";2010;357.916666666667
"NE";"1386";2010;149.916666666667
"NW";"1386";2010;26.8333333333333
"OW";"1386";2010;23
"SG";"1386";2010;842.5
"SH";"1386";2010;183.75
"SO";"1386";2010;413.916666666667
"SZ";"1386";2010;99.5833333333333
"TG";"1386";2010;247.416666666667
"TI";"1386";2010;232
"UR";"1386";2010;45.9166666666666
"VD";"1386";2010;894.166666666666
"VS";"1386";2010;494.583333333333
"ZG";"1386";2010;169.333333333334
"ZH";"1386";2010;4006.75
"AG";"1401";2010;194
"AI";"1401";2010;90
"AR";"1401";2010;230
"BE";"1401";2010;178
"BL";"1401";2010;28
"BS";"1401";2010;16
"FR";"1401";2010;19
"GE";"1401";2010;9
"GL";"1401";2010;6
"GR";"1401";2010;63
"LU";"1401";2010;37
"NE";"1401";2010;1
"NW";"1401";2010;7
"OW";"1401";2010;8
"SG";"1401";2010;6832
"SH";"1401";2010;18
"SO";"1401";2010;36
"SZ";"1401";2010;49
"TG";"1401";2010;197
"TI";"1401";2010;14
"VD";"1401";2010;18
"VS";"1401";2010;6
"ZG";"1401";2010;18
"ZH";"1401";2010;1279
"AG";"1423";2010;2805
"BE";"1423";2010;633
"BL";"1423";2010;79
"BS";"1423";2010;62
"LU";"1423";2010;40
"SO";"1423";2010;55
"SZ";"1423";2010;23
"ZG";"1423";2010;19
"ZH";"1423";2010;95
"AG";"1479";2010;14430.73
"AI";"1479";2010;15.15
"AR";"1479";2010;97.57
"BE";"1479";2010;11285.06
"BL";"1479";2010;915.51
"BS";"1479";2010;5229.97
"FR";"1479";2010;8715.24
"GE";"1479";2010;74274.12
"GL";"1479";2010;131.72
"GR";"1479";2010;1601.22
"JU";"1479";2010;10130.8
"LU";"1479";2010;1641.96
"NE";"1479";2010;11397.23
"NW";"1479";2010;79.83
"OW";"1479";2010;355.52
"SG";"1479";2010;2270.58
"SH";"1479";2010;161.82
"SO";"1479";2010;9889.75
"SZ";"1479";2010;1642.08
"TG";"1479";2010;3313.02
"TI";"1479";2010;18429.94
"UR";"1479";2010;67.65
"VD";"1479";2010;80123.82
"VS";"1479";2010;31999.68
"ZG";"1479";2010;440.85
"ZH";"1479";2010;50267.86
"AR";"1507";2010;1
"BE";"1507";2010;2.17
"FR";"1507";2010;13.91
"GE";"1507";2010;7.91
"JU";"1507";2010;1.67
"LU";"1507";2010;1
"NE";"1507";2010;5.82
"SG";"1507";2010;1
"TG";"1507";2010;1
"TI";"1507";2010;2
"VD";"1507";2010;65.65
"VS";"1507";2010;9060.19
"ZH";"1507";2010;2.83
"AG";"1509";2010;29513.6666666667
"AI";"1509";2010;292.833333333333
"AR";"1509";2010;2735.58333333334
"BE";"1509";2010;32706.25
"BL";"1509";2010;15652.1666666667
"BS";"1509";2010;6635.83333333333
"FR";"1509";2010;4494.75
"GE";"1509";2010;14220.5
"GL";"1509";2010;1552.25
"GR";"1509";2010;4143.75
"JU";"1509";2010;2096.08333333333
"LU";"1509";2010;11325.9166666667
"NE";"1509";2010;24707.4166666666
"NW";"1509";2010;914.75
"OW";"1509";2010;1111.66666666667
"SG";"1509";2010;12808.75
"SH";"1509";2010;2845.58333333333
"SO";"1509";2010;13054.75
"SZ";"1509";2010;8293.66666666667
"TG";"1509";2010;18283.9166666667
"TI";"1509";2010;14786.75
"UR";"1509";2010;565.166666666667
"VD";"1509";2010;14042.25
"VS";"1509";2010;2269
"ZG";"1509";2010;7705.41666666667
"ZH";"1509";2010;88074.0833333333
"AG";"1529";2010;16162.8768
"AI";"1529";2010;193.1587
"AR";"1529";2010;1484.6305
"BE";"1529";2010;20041.2235
"BL";"1529";2010;9539.8701
"BS";"1529";2010;5701.2881
"FR";"1529";2010;5606.6308
"GE";"1529";2010;64693.1531
"GL";"1529";2010;417.4635
"GR";"1529";2010;2154.8053
"JU";"1529";2010;446.1276
"LU";"1529";2010;4810.7705
"NE";"1529";2010;5964.3172
"NW";"1529";2010;504.6389
"OW";"1529";2010;398.177
"SG";"1529";2010;8752.7156
"SH";"1529";2010;3374.1794
"SO";"1529";2010;16413.2609
"SZ";"1529";2010;2001.9014
"TG";"1529";2010;6490.3696
"TI";"1529";2010;18266.8009
"UR";"1529";2010;170.1056
"VD";"1529";2010;53970.2609
"VS";"1529";2010;9362.5709
"ZG";"1529";2010;1986.8296
"ZH";"1529";2010;38761.3781000001
"AG";"1535";2010;6967.3166666665
"AI";"1535";2010;254.166666666653
"AR";"1535";2010;1984.31333333325
"BE";"1535";2010;40143.8333333327
"BL";"1535";2010;241.923333333323
"BS";"1535";2010;224.503333333316
"FR";"1535";2010;26468.7433333327
"GE";"1535";2010;5451.86999999996
"GL";"1535";2010;354.759999999977
"GR";"1535";2010;199.656666666655
"JU";"1535";2010;386.359999999984
"LU";"1535";2010;286.519999999975
"NE";"1535";2010;9346.86666666646
"NW";"1535";2010;427.149999999998
"OW";"1535";2010;74.52
"SG";"1535";2010;2407.24999999986
"SH";"1535";2010;79.663333333328
"SO";"1535";2010;8423.00666666664
"SZ";"1535";2010;143.083333333316
"TG";"1535";2010;397.993333333308
"TI";"1535";2010;4322.8199999999
"UR";"1535";2010;29.413333333333
"VD";"1535";2010;76427.5766666664
"VS";"1535";2010;19499.1866666662
"ZG";"1535";2010;132.003333333328
"ZH";"1535";2010;12621.9566666664
"AG";"1542";2010;13363
"AI";"1542";2010;208.333333333334
"AR";"1542";2010;241.5
"BE";"1542";2010;90747.5
"BL";"1542";2010;19019.1666666666
"BS";"1542";2010;22186.0833333333
"FR";"1542";2010;27826.8333333333
"GE";"1542";2010;64004.75
"GL";"1542";2010;277.666666666666
"GR";"1542";2010;4534.66666666666
"JU";"1542";2010;18384.3333333333
"LU";"1542";2010;10886.8333333333
"NE";"1542";2010;52060.0833333334
"NW";"1542";2010;694.083333333333
"OW";"1542";2010;410.833333333334
"SG";"1542";2010;4680.33333333334
"SH";"1542";2010;7953.58333333333
"SO";"1542";2010;12302.6666666667
"SZ";"1542";2010;2272.58333333333
"TG";"1542";2010;8579.99999999999
"TI";"1542";2010;26813.9166666667
"UR";"1542";2010;217
"VD";"1542";2010;160126.166666667
"VS";"1542";2010;16539.1666666667
"ZG";"1542";2010;3699.66666666667
"ZH";"1542";2010;63169.1666666667
"AG";"1555";2010;24513.7502
"AI";"1555";2010;2.5
"AR";"1555";2010;67.6667
"BE";"1555";2010;211781.4165
"BL";"1555";2010;22507.833
"BS";"1555";2010;6813.4164
"FR";"1555";2010;23818.1668
"GE";"1555";2010;2715.4997
"GL";"1555";2010;41.5832
"GR";"1555";2010;128.6663
"JU";"1555";2010;554.4164
"LU";"1555";2010;2625.7501
"NE";"1555";2010;633.25
"NW";"1555";2010;833.3334
"OW";"1555";2010;1082.9166
"SG";"1555";2010;7327.1669
"SH";"1555";2010;3955.8335
"SO";"1555";2010;12507.833
"SZ";"1555";2010;1513.6668
"TG";"1555";2010;295.5833
"TI";"1555";2010;12639.3334
"UR";"1555";2010;248.7501
"VD";"1555";2010;27126.1666
"VS";"1555";2010;4220.4171
"ZG";"1555";2010;4581.417
"ZH";"1555";2010;45447.4162
"AG";"1560";2010;8886
"AI";"1560";2010;1347
"AR";"1560";2010;2989
"BE";"1560";2010;20842
"BL";"1560";2010;2599
"BS";"1560";2010;38
"FR";"1560";2010;922
"GE";"1560";2010;11
"GL";"1560";2010;520
"GR";"1560";2010;276
"JU";"1560";2010;1144
"LU";"1560";2010;6154
"NE";"1560";2010;2753
"NW";"1560";2010;1018
"OW";"1560";2010;933
"SG";"1560";2010;11839
"SH";"1560";2010;1128
"SO";"1560";2010;2756
"SZ";"1560";2010;4860
"TG";"1560";2010;8056
"TI";"1560";2010;704
"UR";"1560";2010;1771
"VD";"1560";2010;52
"VS";"1560";2010;117
"ZG";"1560";2010;1191
"ZH";"1560";2010;12558
"AG";"1562";2010;54419
"AI";"1562";2010;1165.83333333333
"AR";"1562";2010;4297.75
"BE";"1562";2010;67251.0833333333
"BL";"1562";2010;16607.3333333333
"BS";"1562";2010;6581.58333333334
"FR";"1562";2010;9917.75
"GE";"1562";2010;73516.4166666667
"GL";"1562";2010;4664.33333333333
"GR";"1562";2010;10158.25
"JU";"1562";2010;993.75
"LU";"1562";2010;12755.3333333333
"NE";"1562";2010;4198.08333333334
"NW";"1562";2010;2623.16666666667
"OW";"1562";2010;1899.41666666667
"SG";"1562";2010;22795.0833333333
"SH";"1562";2010;4128.08333333334
"SO";"1562";2010;36936.8333333333
"SZ";"1562";2010;7815.66666666667
"TG";"1562";2010;17351.1666666667
"TI";"1562";2010;47754.2500000001
"UR";"1562";2010;1809.25
"VD";"1562";2010;36078.9166666667
"VS";"1562";2010;13037.75
"ZG";"1562";2010;7475
"ZH";"1562";2010;148614.75
"AG";"1563";2010;1390.66666666667
"AI";"1563";2010;37.7333333333333
"AR";"1563";2010;227.733333333334
"BE";"1563";2010;14169.8
"BL";"1563";2010;1892.8
"BS";"1563";2010;1723
"FR";"1563";2010;724.083333333333
"GE";"1563";2010;18.1666666666667
"GL";"1563";2010;185.033333333334
"GR";"1563";2010;512.216666666667
"JU";"1563";2010;14.9166666666667
"LU";"1563";2010;954.066666666667
"NE";"1563";2010;25.1333333333333
"NW";"1563";2010;80.1166666666667
"OW";"1563";2010;73.0333333333334
"SG";"1563";2010;1895.11666666667
"SH";"1563";2010;702.033333333333
"SO";"1563";2010;1014.08333333333
"SZ";"1563";2010;322.066666666666
"TG";"1563";2010;10479
"TI";"1563";2010;58.05
"UR";"1563";2010;41
"VD";"1563";2010;49.1833333333334
"VS";"1563";2010;1185.03333333333
"ZG";"1563";2010;244.016666666667
"ZH";"1563";2010;3143.15
"AG";"1565";2010;2062.33333333334
"AI";"1565";2010;132.666666666667
"AR";"1565";2010;184.166666666667
"BE";"1565";2010;21889.9166666667
"BL";"1565";2010;9105.58333333334
"BS";"1565";2010;4992.41666666667
"FR";"1565";2010;8052.16666666667
"GE";"1565";2010;976.25
"GL";"1565";2010;184.083333333333
"GR";"1565";2010;9887.08333333334
"JU";"1565";2010;130.083333333333
"LU";"1565";2010;460.583333333333
"NE";"1565";2010;4012.33333333333
"NW";"1565";2010;87.1666666666666
"OW";"1565";2010;70.0833333333333
"SG";"1565";2010;24713
"SH";"1565";2010;157
"SO";"1565";2010;7514.5
"SZ";"1565";2010;269.833333333333
"TG";"1565";2010;532.75
"TI";"1565";2010;20600.4166666667
"UR";"1565";2010;44.9166666666667
"VD";"1565";2010;1026.58333333333
"VS";"1565";2010;977.333333333334
"ZG";"1565";2010;199.25
"ZH";"1565";2010;66134.75
"AG";"1566";2010;10359.75
"AI";"1566";2010;185.666666666667
"AR";"1566";2010;5100.5
"BE";"1566";2010;13365.1666666667
"BL";"1566";2010;1773.25
"BS";"1566";2010;1112.25
"FR";"1566";2010;2156.58333333333
"GE";"1566";2010;405.083333333333
"GL";"1566";2010;206.5
"GR";"1566";2010;1635.66666666667
"JU";"1566";2010;1669.91666666667
"LU";"1566";2010;25187.1666666667
"NE";"1566";2010;1733.16666666667
"NW";"1566";2010;268.75
"OW";"1566";2010;258.833333333333
"SG";"1566";2010;8396.5
"SH";"1566";2010;7346.16666666667
"SO";"1566";2010;795.416666666667
"SZ";"1566";2010;11328
"TG";"1566";2010;3685
"TI";"1566";2010;3267
"UR";"1566";2010;139.583333333333
"VD";"1566";2010;2091.91666666667
"VS";"1566";2010;15301.1666666667
"ZG";"1566";2010;7086.91666666667
"ZH";"1566";2010;11958.6666666667
"AG";"1568";2010;14364.2499
"AI";"1568";2010;158.5834
"AR";"1568";2010;858.9168
"BE";"1568";2010;20340.4995
"BL";"1568";2010;480.7502
"BS";"1568";2010;156.2502
"FR";"1568";2010;132.1667
"GE";"1568";2010;32.4167
"GL";"1568";2010;580.8332
"GR";"1568";2010;1044.4166
"JU";"1568";2010;7
"LU";"1568";2010;18860.1669
"NE";"1568";2010;44.4168
"NW";"1568";2010;721.5
"OW";"1568";2010;616.25
"SG";"1568";2010;19074.4999
"SH";"1568";2010;372.2503
"SO";"1568";2010;17713.1665
"SZ";"1568";2010;1760.9167
"TG";"1568";2010;4001.9999
"TI";"1568";2010;105.2504
"UR";"1568";2010;256.2499
"VD";"1568";2010;229.5001
"VS";"1568";2010;39.6667
"ZG";"1568";2010;571.0831
"ZH";"1568";2010;34316.0001
"AG";"1569";2010;1205.3842
"AI";"1569";2010;126.6777
"AR";"1569";2010;1302.8177
"BE";"1569";2010;22357.8266
"BL";"1569";2010;1033.3557
"BS";"1569";2010;188.9499
"FR";"1569";2010;1631.9578
"GE";"1569";2010;1905.3001
"GL";"1569";2010;4095.6955
"GR";"1569";2010;7995.15999999999
"JU";"1569";2010;7537.4957
"LU";"1569";2010;1668.4376
"NE";"1569";2010;1382.1355
"NW";"1569";2010;33.6779
"OW";"1569";2010;492.6751
"SG";"1569";2010;5345.20620000001
"SH";"1569";2010;121.575
"SO";"1569";2010;6200.258
"SZ";"1569";2010;427.1371
"TG";"1569";2010;3061.0045
"TI";"1569";2010;10768.0239
"UR";"1569";2010;2751.7515
"VD";"1569";2010;2083.8509
"VS";"1569";2010;28644.0915
"ZG";"1569";2010;301.6416
"ZH";"1569";2010;9499.7683
"AG";"1570";2010;109.25
"AR";"1570";2010;0.4167
"BE";"1570";2010;571.2502
"BL";"1570";2010;26.6667
"BS";"1570";2010;6.5
"FR";"1570";2010;2414.9998
"GE";"1570";2010;1892.8333
"GR";"1570";2010;3
"JU";"1570";2010;550.0835
"LU";"1570";2010;18.6663
"NE";"1570";2010;1630.8332
"NW";"1570";2010;41.5
"OW";"1570";2010;49.8333
"SG";"1570";2010;18.3337
"SH";"1570";2010;287.1667
"SO";"1570";2010;33.3332
"SZ";"1570";2010;21
"TG";"1570";2010;6
"TI";"1570";2010;362.5
"UR";"1570";2010;3
"VD";"1570";2010;13110.5832
"VS";"1570";2010;2361.9164
"ZG";"1570";2010;40.75
"ZH";"1570";2010;165.8336
"AG";"1574";2010;1.25
"BE";"1574";2010;5.08333333333334
"BL";"1574";2010;1
"BS";"1574";2010;2.58333333333333
"FR";"1574";2010;48.9166666666666
"GE";"1574";2010;2.58333333333333
"LU";"1574";2010;1
"NE";"1574";2010;27.5833333333333
"SG";"1574";2010;4.08333333333333
"SO";"1574";2010;0.166666666666667
"TG";"1574";2010;45.25
"TI";"1574";2010;0.5
"VD";"1574";2010;961.166666666666
"ZH";"1574";2010;15.6666666666667
"AG";"1575";2010;2008
"AI";"1575";2010;5
"AR";"1575";2010;102.416666666667
"BE";"1575";2010;20099.4166666667
"BL";"1575";2010;749.583333333334
"BS";"1575";2010;933.416666666667
"FR";"1575";2010;584.083333333333
"GE";"1575";2010;317.916666666667
"GL";"1575";2010;294.666666666667
"GR";"1575";2010;682.916666666667
"JU";"1575";2010;57.0833333333334
"LU";"1575";2010;819.583333333333
"NE";"1575";2010;183.5
"NW";"1575";2010;93
"OW";"1575";2010;102.083333333333
"SG";"1575";2010;583.250000000001
"SH";"1575";2010;76.6666666666667
"SO";"1575";2010;2656.41666666667
"SZ";"1575";2010;671.416666666667
"TG";"1575";2010;116.666666666667
"TI";"1575";2010;36.9166666666667
"UR";"1575";2010;15.5
"VD";"1575";2010;3911.91666666667
"VS";"1575";2010;108.666666666667
"ZG";"1575";2010;421.5
"ZH";"1575";2010;8925.08333333334
"AG";"1577";2010;798.2628
"AI";"1577";2010;2.9779
"AR";"1577";2010;12.7444
"BE";"1577";2010;3652.67530000001
"BL";"1577";2010;903.0304
"BS";"1577";2010;62.4943
"FR";"1577";2010;843.3699
"GE";"1577";2010;467.3935
"GL";"1577";2010;26.2222
"GR";"1577";2010;12.8222
"JU";"1577";2010;105.8799
"LU";"1577";2010;161.3767
"NE";"1577";2010;62.8027
"NW";"1577";2010;17.4249
"OW";"1577";2010;16.7111
"SG";"1577";2010;310.9363
"SH";"1577";2010;173.7387
"SO";"1577";2010;1532.9787
"SZ";"1577";2010;111.5416
"TG";"1577";2010;863.7002
"TI";"1577";2010;1.1556
"UR";"1577";2010;13.9555
"VD";"1577";2010;1141.9927
"VS";"1577";2010;290.7178
"ZG";"1577";2010;58.897
"ZH";"1577";2010;10148.0181
"CH";"0008";2010;858004.6211
"CH";"0032";2010;36716
"CH";"0057";2010;14443.16
"CH";"0062";2010;46582
"CH";"0134";2010;3681
"CH";"0182";2010;60130.8333333333
"CH";"0194";2010;21168.12
"CH";"0246";2010;7713
"CH";"0290";2010;528865.583333333
"CH";"0294";2010;5335
"CH";"0312";2010;149194.416666667
"CH";"0343";2010;164056.27
"CH";"0360";2010;16880.6
"CH";"0376";2010;307623
"CH";"0455";2010;149223.16
"CH";"0509";2010;178402.2
"CH";"0558";2010;1779.92
"CH";"0762";2010;24148
"CH";"0774";2010;175233.66
"CH";"0780";2010;5826
"CH";"0820";2010;2539.6516
"CH";"0829";2010;14355.87119
"CH";"0881";2010;141403
"CH";"0901";2010;2330
"CH";"0923";2010;19385
"CH";"0941";2010;37182
"CH";"0966";2010;6881
"CH";"0994";2010;241176.333333333
"CH";"1003";2010;170
"CH";"1040";2010;3898
"CH";"1060";2010;229211.82
"CH";"1113";2010;7270.58
"CH";"1142";2010;855
"CH";"1147";2010;379
"CH";"1318";2010;4854.27
"CH";"1322";2010;8309
"CH";"1328";2010;6879.75
"CH";"1331";2010;1465
"CH";"1362";2010;841
"CH";"1384";2010;602111.63
"CH";"1386";2010;12937.25
"CH";"1401";2010;9353
"CH";"1423";2010;3811
"CH";"1479";2010;338908.68
"CH";"1507";2010;9166.15
"CH";"1509";2010;334832.75
"CH";"1529";2010;297669.5045
"CH";"1535";2010;217296.456666663
"CH";"1542";2010;631199.916666667
"CH";"1555";2010;417983.7492
"CH";"1560";2010;95464
"CH";"1562";2010;614845.833333333
"CH";"1563";2010;41161.2333333333
"CH";"1565";2010;184397.25
"CH";"1566";2010;136814.583333333
"CH";"1568";2010;136839.0005
"CH";"1569";2010;122161.8555
"CH";"1570";2010;23726.2498
"CH";"1574";2010;1116.83333333333
"CH";"1575";2010;44556.6666666667
"CH";"1577";2010;21793.8204
